epigenome,epigenome_name,state,state_label,case_count,case_pct,ctrl_count,ctrl_pct,odds_ratio,pvalue,n_case_total,n_ctrl_total,fdr
E067,Angular Gyrus,10_TssBiv,Bivalent/Poised TSS,5,0.0702543206407194,0,0.0,inf,0.3304892348685343,7117,2852,0.6843176987365572
E067,Angular Gyrus,11_BivFlnk,Flanking Bivalent TSS/Enh,0,0.0,1,0.03506311360448808,0.0,0.2860868692948139,7117,2852,0.6843176987365572
E067,Angular Gyrus,12_EnhBiv,Bivalent Enhancer,2,0.02810172825628776,0,0.0,inf,1.0,7117,2852,1.0
E067,Angular Gyrus,13_ReprPC,Repressed PolyComb,13,0.18266123366587045,8,0.2805049088359046,0.6505489864864865,0.3389672047283784,7117,2852,0.6843176987365572
E067,Angular Gyrus,14_ReprPCWk,Weak Repressed PolyComb,293,4.116903189546157,104,3.6465638148667603,1.134519568942195,0.30763927558405174,7117,2852,0.6843176987365572
E067,Angular Gyrus,15_Quies,Quiescent/Low,3048,42.827033862582546,1259,44.14446002805049,0.947801340303123,0.23580031795500245,7117,2852,0.6352056698398804
E067,Angular Gyrus,1_TssA,Active TSS,98,1.3769846845581004,44,1.5427769985974753,0.8910360191169423,0.5141054929006362,7117,2852,0.8336905896152813
E067,Angular Gyrus,2_TssAFlnk,Flanking Active TSS,66,0.9273570324574961,22,0.7713884992987377,1.2040845270174443,0.5535439409548488,7117,2852,0.8336905896152813
E067,Angular Gyrus,3_TxFlnk,Transcr. at gene 5'/3',6,0.08430518476886328,0,0.0,inf,0.19222839082134754,7117,2852,0.5877488790064228
E067,Angular Gyrus,4_Tx,Strong Transcription,309,4.341717015596459,148,5.189340813464235,0.8292469908216089,0.07157369557640605,7117,2852,0.4096315052918242
E067,Angular Gyrus,5_TxWk,Weak Transcription,2588,36.36363636363637,1009,35.37868162692847,1.0437491151068952,0.3561576174203732,7117,2852,0.6843176987365572
E067,Angular Gyrus,6_EnhG,Genic Enhancers,80,1.1240691302515105,33,1.1570827489481066,0.9711438672643732,0.916668397484524,7117,2852,1.0
E067,Angular Gyrus,7_Enh,Enhancers,595,8.36026415624561,212,7.433380084151472,1.1360677648365765,0.13276177711848713,7117,2852,0.5753010341801109
E067,Angular Gyrus,8_ZNF/Rpts,ZNF Genes & Repeats,5,0.0702543206407194,6,0.21037868162692847,0.33347394075740533,0.08789597364209248,7117,2852,0.4284928715052008
E067,Angular Gyrus,9_Het,Heterochromatin,9,0.12645777715329493,6,0.21037868162692847,0.6005908835115363,0.3904914490322027,7117,2852,0.7028846082579648
E068,Anterior Caudate,10_TssBiv,Bivalent/Poised TSS,8,0.11240691302515105,4,0.1402524544179523,0.8012378674919116,0.7517172704616812,7117,2852,0.9882125915058058
E068,Anterior Caudate,11_BivFlnk,Flanking Bivalent TSS/Enh,3,0.04215259238443164,3,0.10518934081346423,0.400477930840596,0.3626298916381756,7117,2852,0.6843176987365572
E068,Anterior Caudate,13_ReprPC,Repressed PolyComb,7,0.09835604889700718,2,0.07012622720897616,1.4029535864978904,1.0,7117,2852,1.0
E068,Anterior Caudate,14_ReprPCWk,Weak Repressed PolyComb,256,3.5970212168048334,80,2.805049088359046,1.2928727590730213,0.04937672342395319,7117,2852,0.3079707895503263
E068,Anterior Caudate,15_Quies,Quiescent/Low,2818,39.595335113109456,1248,43.75876577840112,0.8424872212380935,0.00013845774548135385,7117,2852,0.0040498890553295995
E068,Anterior Caudate,1_TssA,Active TSS,131,1.8406632007868482,49,1.7180925666199158,1.0726788854677285,0.7393764181751878,7117,2852,0.9830345559829202
E068,Anterior Caudate,2_TssAFlnk,Flanking Active TSS,77,1.0819165378670788,29,1.0168302945301542,1.064709051724138,0.8295136625795397,7117,2852,1.0
E068,Anterior Caudate,3_TxFlnk,Transcr. at gene 5'/3',9,0.12645777715329493,1,0.03506311360448808,3.609876195835678,0.2994023485432067,7117,2852,0.6843176987365572
E068,Anterior Caudate,4_Tx,Strong Transcription,491,6.898974286918645,218,7.643758765778401,0.8953427836407591,0.19591629300214092,7117,2852,0.5877488790064228
E068,Anterior Caudate,5_TxWk,Weak Transcription,2463,34.60727834761838,898,31.486676016830295,1.1515591636095301,0.002910798087499621,7117,2852,0.03405633762374556
E068,Anterior Caudate,6_EnhG,Genic Enhancers,133,1.868764929043136,45,1.5778401122019634,1.1878929616902125,0.3575046091600651,7117,2852,0.6843176987365572
E068,Anterior Caudate,7_Enh,Enhancers,635,8.922298721371364,231,8.099579242636747,1.11152629125477,0.1942555451605292,7117,2852,0.5877488790064228
E068,Anterior Caudate,8_ZNF/Rpts,ZNF Genes & Repeats,14,0.19671209779401436,8,0.2805049088359046,0.7006898493594256,0.47860891225825686,7117,2852,0.8234888637384713
E068,Anterior Caudate,9_Het,Heterochromatin,72,1.0116622172263594,36,1.262272089761571,0.7994322214336409,0.2847833112983869,7117,2852,0.6843176987365572
E069,Cingulate Gyrus,10_TssBiv,Bivalent/Poised TSS,11,0.1545595054095827,5,0.1753155680224404,0.8814241486068112,0.7861573589417911,7117,2852,0.9997870760455386
E069,Cingulate Gyrus,12_EnhBiv,Bivalent Enhancer,3,0.04215259238443164,2,0.07012622720897616,0.6009277481023334,0.6283630162964069,7117,2852,0.8752199155557095
E069,Cingulate Gyrus,13_ReprPC,Repressed PolyComb,19,0.26696641843473373,7,0.24544179523141654,1.0879322143058408,1.0,7117,2852,1.0
E069,Cingulate Gyrus,14_ReprPCWk,Weak Repressed PolyComb,410,5.7608542925389905,101,3.541374474053296,1.6650403671647915,3.4850733353220883e-06,7117,2852,0.00020387679011634214
E069,Cingulate Gyrus,15_Quies,Quiescent/Low,2730,38.358859069832796,1245,43.65357643758766,0.8032329912309369,1.136988983037811e-06,7117,2852,0.00013302771101542386
E069,Cingulate Gyrus,1_TssA,Active TSS,84,1.180272586764086,40,1.402524544179523,0.8396416891795819,0.36896010097161436,7117,2852,0.685211616090141
E069,Cingulate Gyrus,2_TssAFlnk,Flanking Active TSS,77,1.0819165378670788,27,0.9467040673211781,1.1443865740740742,0.5871851793929456,7117,2852,0.8378129998655444
E069,Cingulate Gyrus,3_TxFlnk,Transcr. at gene 5'/3',9,0.12645777715329493,1,0.03506311360448808,3.609876195835678,0.2994023485432067,7117,2852,0.6843176987365572
E069,Cingulate Gyrus,4_Tx,Strong Transcription,386,5.423633553463538,198,6.9424964936886395,0.7686762139295196,0.003980953803522315,7117,2852,0.03881429958434258
E069,Cingulate Gyrus,5_TxWk,Weak Transcription,2568,36.08261908107349,923,32.3632538569425,1.17980330704997,0.0004509170832316899,7117,2852,0.008792883123017953
E069,Cingulate Gyrus,6_EnhG,Genic Enhancers,113,1.5877476464802587,34,1.1921458625525947,1.3371938724090435,0.16741853646853105,7117,2852,0.5877488790064228
E069,Cingulate Gyrus,7_Enh,Enhancers,672,9.442180694112688,249,8.730715287517532,1.0899866338900988,0.283943579180559,7117,2852,0.6843176987365572
E069,Cingulate Gyrus,8_ZNF/Rpts,ZNF Genes & Repeats,7,0.09835604889700718,6,0.21037868162692847,0.46699484294421,0.21550482720819553,7117,2852,0.6003348757942589
E069,Cingulate Gyrus,9_Het,Heterochromatin,28,0.3934241955880287,14,0.4908835904628331,0.8006771053745239,0.4962329486025213,7117,2852,0.8294179283784999
E071,Hippocampus Middle,10_TssBiv,Bivalent/Poised TSS,9,0.12645777715329493,5,0.1753155680224404,0.720962296004502,0.5598905398711955,7117,2852,0.8336905896152813
E071,Hippocampus Middle,11_BivFlnk,Flanking Bivalent TSS/Enh,2,0.02810172825628776,1,0.03506311360448808,0.8014054813773718,1.0,7117,2852,1.0
E071,Hippocampus Middle,12_EnhBiv,Bivalent Enhancer,7,0.09835604889700718,2,0.07012622720897616,1.4029535864978904,1.0,7117,2852,1.0
E071,Hippocampus Middle,13_ReprPC,Repressed PolyComb,8,0.11240691302515105,7,0.24544179523141654,0.4573679239595684,0.1508151917650765,7117,2852,0.5877488790064228
E071,Hippocampus Middle,14_ReprPCWk,Weak Repressed PolyComb,271,3.8077841787269917,97,3.4011220196353436,1.1243001406495177,0.34741297996666304,7117,2852,0.6843176987365572
E071,Hippocampus Middle,15_Quies,Quiescent/Low,2686,37.74062104819446,1137,39.866760168302946,0.9143404180230951,0.050012350439796585,7117,2852,0.3079707895503263
E071,Hippocampus Middle,1_TssA,Active TSS,136,1.910917521427568,48,1.6830294530154277,1.1380413503318532,0.5100917125538629,7117,2852,0.8336905896152813
E071,Hippocampus Middle,2_TssAFlnk,Flanking Active TSS,94,1.320781228045525,36,1.262272089761571,1.0469726454348411,0.9221984436134508,7117,2852,1.0
E071,Hippocampus Middle,3_TxFlnk,Transcr. at gene 5'/3',7,0.09835604889700718,3,0.10518934081346423,0.9349742147210501,1.0,7117,2852,1.0
E071,Hippocampus Middle,4_Tx,Strong Transcription,462,6.491499227202473,219,7.678821879382889,0.8346428167100646,0.035027089566689346,7117,2852,0.24106879290015606
E071,Hippocampus Middle,5_TxWk,Weak Transcription,2435,34.21385415203035,893,31.311360448807857,1.140907758047905,0.005557603984065455,7117,2852,0.04644569043826131
E071,Hippocampus Middle,6_EnhG,Genic Enhancers,160,2.248138260503021,65,2.279102384291725,0.9861014362954854,0.9405505808221841,7117,2852,1.0
E071,Hippocampus Middle,7_Enh,Enhancers,776,10.903470563439651,302,10.5890603085554,1.033325639614367,0.6685783830944243,7117,2852,0.9095775676982284
E071,Hippocampus Middle,8_ZNF/Rpts,ZNF Genes & Repeats,12,0.16861036953772657,8,0.2805049088359046,0.6004222378606615,0.3202449444430254,7117,2852,0.6843176987365572
E071,Hippocampus Middle,9_Het,Heterochromatin,52,0.7306449346634818,29,1.0168302945301542,0.7164799765722234,0.17376924271883465,7117,2852,0.5877488790064228
E072,Inferior Temporal Lobe,10_TssBiv,Bivalent/Poised TSS,7,0.09835604889700718,3,0.10518934081346423,0.9349742147210501,1.0,7117,2852,1.0
E072,Inferior Temporal Lobe,12_EnhBiv,Bivalent Enhancer,2,0.02810172825628776,2,0.07012622720897616,0.4005621925509487,0.3238380573659553,7117,2852,0.6843176987365572
E072,Inferior Temporal Lobe,13_ReprPC,Repressed PolyComb,21,0.2950681466910215,8,0.2805049088359046,1.0520715896279593,1.0,7117,2852,1.0
E072,Inferior Temporal Lobe,14_ReprPCWk,Weak Repressed PolyComb,398,5.592243923001265,141,4.943899018232819,1.1389085044105896,0.20290344753878137,7117,2852,0.5934925840509355
E072,Inferior Temporal Lobe,15_Quies,Quiescent/Low,2795,39.272165238162145,1234,43.26788218793829,0.8479307931903187,0.0002536809295726481,7117,2852,0.005936133751999965
E072,Inferior Temporal Lobe,1_TssA,Active TSS,112,1.5736967823521149,44,1.5427769985974753,1.0203620790344559,1.0,7117,2852,1.0
E072,Inferior Temporal Lobe,2_TssAFlnk,Flanking Active TSS,78,1.0959674019952226,26,0.9116409537166901,1.2044324477908794,0.44690441382399027,7117,2852,0.7804151704090577
E072,Inferior Temporal Lobe,3_TxFlnk,Transcr. at gene 5'/3',10,0.1405086412814388,2,0.07012622720897616,2.005065428450823,0.5278384735812471,7117,2852,0.8336905896152813
E072,Inferior Temporal Lobe,4_Tx,Strong Transcription,486,6.828719966277926,224,7.854137447405329,0.859873537712476,0.07723586365547883,7117,2852,0.4107543658041374
E072,Inferior Temporal Lobe,5_TxWk,Weak Transcription,2426,34.08739637487705,874,30.64516129032258,1.1704159140122743,0.000976890163796542,7117,2852,0.016328021309170774
E072,Inferior Temporal Lobe,6_EnhG,Genic Enhancers,140,1.9671209779401435,55,1.9284712482468442,1.0204437958486976,0.9363714639656229,7117,2852,1.0
E072,Inferior Temporal Lobe,7_Enh,Enhancers,589,8.275958971476745,210,7.363253856942496,1.1351380135387488,0.13123769848870664,7117,2852,0.5753010341801109
E072,Inferior Temporal Lobe,8_ZNF/Rpts,ZNF Genes & Repeats,12,0.16861036953772657,10,0.3506311360448808,0.48,0.09717500394504255,7117,2852,0.45477901846279917
E072,Inferior Temporal Lobe,9_Het,Heterochromatin,41,0.5760854292538992,19,0.6661991584852734,0.8639507899199667,0.5700448476001924,7117,2852,0.8336905896152813
E073,DLPFC,10_TssBiv,Bivalent/Poised TSS,5,0.0702543206407194,2,0.07012622720897616,1.001827896512936,1.0,7117,2852,1.0
E073,DLPFC,11_BivFlnk,Flanking Bivalent TSS/Enh,1,0.01405086412814388,3,0.10518934081346423,0.13345512460183623,0.07352360351391717,7117,2852,0.4096315052918242
E073,DLPFC,12_EnhBiv,Bivalent Enhancer,5,0.0702543206407194,0,0.0,inf,0.3304892348685343,7117,2852,0.6843176987365572
E073,DLPFC,13_ReprPC,Repressed PolyComb,17,0.238864690178446,6,0.21037868162692847,1.1357276995305163,1.0,7117,2852,1.0
E073,DLPFC,14_ReprPCWk,Weak Repressed PolyComb,265,3.7234789939581283,71,2.4894810659186537,1.5148553316395748,0.0017149317930888954,7117,2852,0.022294113310155638
E073,DLPFC,15_Quies,Quiescent/Low,3261,45.8198679218772,1344,47.12482468443198,0.9488899488737403,0.23888076472610884,7117,2852,0.6352056698398804
E073,DLPFC,1_TssA,Active TSS,110,1.545595054095827,40,1.402524544179523,1.1036106750392465,0.6494414855032479,7117,2852,0.8939371035750588
E073,DLPFC,2_TssAFlnk,Flanking Active TSS,51,0.7165940705353379,23,0.8064516129032258,0.8877724313614492,0.6082404478127761,7117,2852,0.8573991854710217
E073,DLPFC,3_TxFlnk,Transcr. at gene 5'/3',1,0.01405086412814388,4,0.1402524544179523,0.10005621135469364,0.02579681351704087,7117,2852,0.18863919884336133
E073,DLPFC,4_Tx,Strong Transcription,354,4.974005901362934,185,6.486676016830295,0.7545971522313383,0.003240605256766317,7117,2852,0.0344682559128781
E073,DLPFC,5_TxWk,Weak Transcription,2491,35.00070254320641,958,33.59046283309958,1.0645904468435194,0.1842868431514248,7117,2852,0.5877488790064228
E073,DLPFC,6_EnhG,Genic Enhancers,100,1.405086412814388,35,1.2272089761570828,1.1470103218713736,0.5651076103733652,7117,2852,0.8336905896152813
E073,DLPFC,7_Enh,Enhancers,428,6.013769846845581,168,5.890603085553997,1.0222469014515658,0.8517249024401397,7117,2852,1.0
E073,DLPFC,8_ZNF/Rpts,ZNF Genes & Repeats,8,0.11240691302515105,5,0.1753155680224404,0.6407652271768182,0.538702059103791,7117,2852,0.8336905896152813
E073,DLPFC,9_Het,Heterochromatin,20,0.2810172825628776,8,0.2805049088359046,1.0018317598985487,1.0,7117,2852,1.0
E074,Substantia Nigra,10_TssBiv,Bivalent/Poised TSS,1,0.01405086412814388,4,0.1402524544179523,0.10005621135469364,0.02579681351704087,7117,2852,0.18863919884336133
E074,Substantia Nigra,11_BivFlnk,Flanking Bivalent TSS/Enh,1,0.01405086412814388,0,0.0,inf,1.0,7117,2852,1.0
E074,Substantia Nigra,12_EnhBiv,Bivalent Enhancer,1,0.01405086412814388,1,0.03506311360448808,0.400646430578977,0.4903485314909606,7117,2852,0.8294179283784999
E074,Substantia Nigra,13_ReprPC,Repressed PolyComb,9,0.12645777715329493,6,0.21037868162692847,0.6005908835115363,0.3904914490322027,7117,2852,0.7028846082579648
E074,Substantia Nigra,14_ReprPCWk,Weak Repressed PolyComb,200,2.810172825628776,95,3.3309957924263673,0.8391225280202096,0.16983666647966802,7117,2852,0.5877488790064228
E074,Substantia Nigra,15_Quies,Quiescent/Low,2996,42.096388927919065,1205,42.25105189340814,0.9936781649702314,0.8929059637899994,7117,2852,1.0
E074,Substantia Nigra,1_TssA,Active TSS,96,1.3488829563018125,38,1.332398316970547,1.0125413233982263,1.0,7117,2852,1.0
E074,Substantia Nigra,2_TssAFlnk,Flanking Active TSS,61,0.8571027118167768,30,1.0518934081346423,0.8132180650037792,0.35282809222817113,7117,2852,0.6843176987365572
E074,Substantia Nigra,3_TxFlnk,Transcr. at gene 5'/3',2,0.02810172825628776,1,0.03506311360448808,0.8014054813773718,1.0,7117,2852,1.0
E074,Substantia Nigra,4_Tx,Strong Transcription,338,4.7491920753126315,156,5.46984572230014,0.8616806805330186,0.13869535079443432,7117,2852,0.5757980250424868
E074,Substantia Nigra,5_TxWk,Weak Transcription,2512,35.295770689897424,976,34.22159887798036,1.0485110624588383,0.31778855752065616,7117,2852,0.6843176987365572
E074,Substantia Nigra,6_EnhG,Genic Enhancers,108,1.517493325839539,45,1.5778401122019634,0.9611642174347268,0.8569526803874579,7117,2852,1.0
E074,Substantia Nigra,7_Enh,Enhancers,744,10.453842911339049,270,9.46704067321178,1.1164042749795142,0.1427191686002745,7117,2852,0.5757980250424868
E074,Substantia Nigra,8_ZNF/Rpts,ZNF Genes & Repeats,10,0.1405086412814388,8,0.2805049088359046,0.5002110595187843,0.188191823944249,7117,2852,0.5877488790064228
E074,Substantia Nigra,9_Het,Heterochromatin,38,0.5339328368694675,17,0.5960729312762973,0.8951912450246379,0.7648180517257175,7117,2852,0.9942634672434327
E125,NH-A Astrocytes,10_TssBiv,Bivalent/Poised TSS,10,0.1405086412814388,5,0.1753155680224404,0.801181933305192,0.7753388352350048,7117,2852,0.9968642167307205
E125,NH-A Astrocytes,11_BivFlnk,Flanking Bivalent TSS/Enh,4,0.05620345651257552,0,0.0,inf,0.5835409004659765,7117,2852,0.8378129998655444
E125,NH-A Astrocytes,12_EnhBiv,Bivalent Enhancer,3,0.04215259238443164,1,0.03506311360448808,1.2022771998875457,1.0,7117,2852,1.0
E125,NH-A Astrocytes,13_ReprPC,Repressed PolyComb,78,1.0959674019952226,29,1.0168302945301542,1.0786896649700437,0.8297600692206779,7117,2852,1.0
E125,NH-A Astrocytes,14_ReprPCWk,Weak Repressed PolyComb,896,12.589574258816919,446,15.638148667601683,0.776977732733696,7.359788744746203e-05,7117,2852,0.002870317610451019
E125,NH-A Astrocytes,15_Quies,Quiescent/Low,3256,45.749613601236476,1325,46.45862552594671,0.9718690533784874,0.5335719895807494,7117,2852,0.8336905896152813
E125,NH-A Astrocytes,1_TssA,Active TSS,66,0.9273570324574961,22,0.7713884992987377,1.2040845270174443,0.5535439409548488,7117,2852,0.8336905896152813
E125,NH-A Astrocytes,2_TssAFlnk,Flanking Active TSS,51,0.7165940705353379,27,0.9467040673211781,0.7551813064125547,0.25756462887972564,7117,2852,0.6696680350872867
E125,NH-A Astrocytes,3_TxFlnk,Transcr. at gene 5'/3',0,0.0,2,0.07012622720897616,0.0,0.08182520709866718,7117,2852,0.41624127089322005
E125,NH-A Astrocytes,4_Tx,Strong Transcription,398,5.592243923001265,115,4.032258064516129,1.4097931239767822,0.0013068966885300222,7117,2852,0.019113364069751573
E125,NH-A Astrocytes,5_TxWk,Weak Transcription,1917,26.93550653365182,691,24.228611500701263,1.1529102193031282,0.005543315387333247,7117,2852,0.04644569043826131
E125,NH-A Astrocytes,6_EnhG,Genic Enhancers,47,0.6603906140227624,12,0.42075736325385693,1.5733144743045733,0.19326287012352658,7117,2852,0.5877488790064228
E125,NH-A Astrocytes,7_Enh,Enhancers,353,4.95995503723479,159,5.575035063113605,0.8839146573238268,0.2096986649549733,7117,2852,0.5984083853593141
E125,NH-A Astrocytes,8_ZNF/Rpts,ZNF Genes & Repeats,5,0.0702543206407194,1,0.03506311360448808,2.0043588301462316,0.6809904534708118,7117,2852,0.9158147477710916
E125,NH-A Astrocytes,9_Het,Heterochromatin,33,0.46367851622874806,17,0.5960729312762973,0.7768542199488491,0.43283853567688124,7117,2852,0.767304676881744
