iteration	n_variants	ce_pct	ratio	RNA-seq_IR	RNA-seq_P	CAGE_IR	CAGE_P	DNase_IR	DNase_P	ChIP-histone_IR	ChIP-histone_P	Population
0	7212	44.60621186910704	2.899786780383795	1.113022376664218	0.0007607655423206717	1.1236088887730196	0.00022161917664807526	1.0695589160217671	0.03845670297877547	1.0200593435123941	0.5063342272892806	NHW
1	7194	46.46927995551849	2.899786780383795	1.047969158533617	0.13332453932331997	1.0549426057670503	0.0848930915696109	1.1053840387214044	0.0011829765018207083	1.0398555772661628	0.16816630447498648	NHW
2	7211	46.359728193038414	2.899786780383795	1.1166496442238825	0.0003288734088888799	1.119913212646247	0.000207339921158557	1.1420994680272194	1.2932669928097403e-05	1.0750610966895924	0.010159877555816578	NHW
3	7193	44.90476852495482	2.899786780383795	1.1618105292530927	1.7090874481884033e-06	1.2001990277267445	3.1694131006169397e-09	1.1138859436170039	0.000675361154532044	1.0315819944999276	0.28775626164438456	NHW
4	7213	47.12324968806322	2.899786780383795	1.146196995551781	5.131925312335262e-06	1.1475577848713159	3.987884779679084e-06	1.1259569456258587	8.929564304281361e-05	1.0914410689341438	0.0014937463585057032	NHW
5	7210	44.84049930651872	2.899786780383795	1.1271107408386416	0.00015637875274777545	1.1656114199889043	8.521269255700494e-07	1.0718445523760374	0.03100851401315067	1.0456326642686509	0.12990047607568134	NHW
6	7212	46.56128674431503	2.899786780383795	1.071617712831102	0.02537328965971617	1.1131955341353459	0.0004113036129817526	1.1206249904133654	0.00020459649134613243	1.1081835529539183	0.00020925697259334067	NHW
7	7197	44.37960261219953	2.899786780383795	1.0172200672299605	0.6155126329209993	1.1006066059425268	0.0027747398137677797	1.111601046487154	0.0010204709932487362	1.0551633418613338	0.06648568120110158	NHW
8	7215	48.704088704088704	2.899786780383795	1.190571258172348	1.1835860795230631e-09	1.2073667639901569	2.942180672154439e-11	1.1053643437097582	0.0006503688021944426	1.0920571793888252	0.0009532672381164385	NHW
9	7200	46.875	2.899786780383795	1.1100895241728892	0.000578921791060072	1.1206693911334127	0.00016553869399509036	1.142053269612613	1.1288785917491194e-05	1.0703788994227	0.014818931651014038	NHW
10	7194	43.6891854323047	2.899786780383795	0.8963515103962337	0.00153398027950442	0.953465384289012	0.15864266094482227	1.1373966226763161	7.066250123443293e-05	1.0736120176337387	0.01644535643775446	NHW
11	7217	46.141055840376886	2.899786780383795	1.0494798148109779	0.12597310055433847	1.0537970430107526	0.09602179828404779	1.0945059574594522	0.003537424175524153	1.0529485025449914	0.0716003659416707	NHW
12	7191	43.54053678208872	2.899786780383795	1.0296616576462791	0.3905643235774192	1.078924877151814	0.020256053057197645	1.082873950493396	0.015080045446676805	1.038529083168143	0.21005211465130294	NHW
13	7210	44.2995839112344	2.899786780383795	1.242247860405493	2.8462435425101944e-12	1.2433456081349885	1.7950525661769113e-12	1.0589673039128102	0.08083754546227571	1.0402906370089102	0.18339835012840278	NHW
14	7190	43.449235048678716	2.899786780383795	0.9556486597938145	0.1826354266009625	0.9758531940251158	0.480620782728901	1.1396696910353163	5.477333051946485e-05	1.0609631759144271	0.04837851141100298	NHW
15	7196	46.66481378543635	2.899786780383795	1.072834106107145	0.023460152553160928	1.09721046607162	0.0023893019230680343	1.161984431314056	6.34184983252182e-07	1.0823666451154415	0.004579459983295403	NHW
16	7179	46.287783813901655	2.899786780383795	0.94500157144275	0.08171313370420008	0.9948394267895675	0.8838662729008433	1.1231295878035008	0.00016027052675660243	1.0582672988666697	0.04648458126125478	NHW
17	7213	47.41439068348814	2.899786780383795	1.1250482429202218	8.192554592376125e-05	1.118069041454875	0.0001884273651479933	1.1375990370249114	1.7159064914351438e-05	1.0877852038914468	0.0021444466193106526	NHW
18	7211	47.88517542643184	2.899786780383795	1.1863225688424328	4.858142069821206e-09	1.2290863155284253	6.757093510332632e-13	1.131831811244096	2.9362501012753523e-05	1.0885649676396436	0.0017999262353864762	NHW
19	7191	46.66944792101238	2.899786780383795	1.1706116589475843	1.5960245796090328e-07	1.21234393010297	8.488569868401303e-11	1.1176898407060882	0.0002870387407493953	1.0619939659433755	0.031775247835426165	NHW
20	7198	44.33175882189497	2.899786780383795	1.1036598422928345	0.002112666272876198	1.1135388545624125	0.0007401387697918111	1.1043634646631577	0.0020802308304507773	1.0833076011051503	0.0061229878611321195	NHW
21	7210	44.10540915395285	2.899786780383795	0.9698614204706051	0.37511231359643565	1.0084366329757513	0.8145153087302929	1.16963683052091	8.725366438930624e-07	1.0673761715564591	0.02720690909835135	NHW
22	7196	47.637576431350745	2.899786780383795	1.0878627261149387	0.005610233409772876	1.1101014230115225	0.0004640406346126971	1.156405210627827	8.80727248666281e-07	1.0969761928302908	0.000696877594177739	NHW
23	7208	47.22530521642619	2.899786780383795	1.0565793207540963	0.07297517245248925	1.1272633152845857	6.383680221394518e-05	1.1615317498635211	5.526634685892171e-07	1.0604006455622201	0.03425838047205024	NHW
24	7212	46.13144758735441	2.899786780383795	1.0570083951719078	0.0772448048932783	1.1271862914130637	8.981860633116767e-05	1.1257913547994165	0.00012624006855999943	1.0824262843593684	0.004954263076632809	NHW
25	7196	45.78932740411339	2.899786780383795	1.1506819943950413	5.607758164260597e-06	1.1558914856372005	2.145360273218405e-06	1.0823995668930197	0.012140368375898079	1.0403157288307157	0.16778044345341744	NHW
26	7198	42.69241455959989	2.899786780383795	1.1238515729926108	0.00041021184478014444	1.1488510659248121	2.1938534331117227e-05	1.058317200042323	0.09604287279795064	1.0446796948387518	0.1564911149766001	NHW
27	7195	43.599722029186935	2.899786780383795	1.0796871564531836	0.01936270315065208	1.0854961751849361	0.011540535745814259	1.1466676771219348	2.2302203767177872e-05	1.0602836879432624	0.05159805760749485	NHW
28	7211	45.72181389543752	2.899786780383795	1.1669416892461835	5.342796815231898e-07	1.1839452419125651	2.6942225758501513e-08	1.0884805691513546	0.006680082972367316	1.0493757069754917	0.09472835267866694	NHW
29	7202	45.95945570674812	2.899786780383795	1.1214694940177259	0.00020519434333535555	1.143460855271879	1.1444715189739477e-05	1.1253159292318522	0.00014023652885576443	1.0675964789817693	0.02104087750104242	NHW
30	7192	46.273637374860954	2.899786780383795	1.0614408118721768	0.05571162657113375	1.0542209092846515	0.0902162918109451	1.146945985519122	7.302400264428437e-06	1.092161775774839	0.0017471014445293335	NHW
31	7213	47.539165395813114	2.899786780383795	1.131745735566233	3.3821959097938534e-05	1.1816030073792174	1.2471699546631438e-08	1.140482498373455	1.0056079845081549e-05	1.0914461828760122	0.0013671720073643292	NHW
32	7196	44.03835464146748	2.899786780383795	1.1648673592032968	1.6366075524381426e-06	1.142557851738682	2.7006648834995553e-05	1.0770587683740724	0.02262740516801433	1.0517159118362576	0.08839433981162224	NHW
33	7213	48.4125883820879	2.899786780383795	1.1176979749178937	0.00015103091357157594	1.1547567876093099	6.181391106341573e-07	1.1347016473260305	1.7443100079416046e-05	1.0876335543888735	0.0018050399647136128	NHW
34	7193	44.29306269984708	2.899786780383795	0.9428645533512616	0.08124922214705803	1.001958346851173	0.9532399909648598	1.1128235370806074	0.0009150598359662337	1.0567656740555809	0.06238358874363002	NHW
35	7189	44.38725831130895	2.899786780383795	1.1392194687390633	4.447762909836151e-05	1.0995025092496227	0.003051730324747064	1.076150513794909	0.022763691649112343	1.007406289252738	0.8107108708788155	NHW
36	7192	42.81145717463849	2.899786780383795	0.9678963015431092	0.3426097763835606	1.0161662997222634	0.6376219620359473	1.1115334990571284	0.0014659680545355547	1.0576639224871847	0.06518014697283556	NHW
37	7212	46.00665557404326	2.899786780383795	1.171002191761909	2.155300613041947e-07	1.2277925534415863	6.178268676076752e-12	1.1222745399175447	0.00020205873050854972	1.0799384631993738	0.006333994872804101	NHW
38	7199	45.65911932212807	2.899786780383795	1.037803674433808	0.2505837706442561	1.0548631134681923	0.08995255565190606	1.1095990743101116	0.0008594472376687325	1.07649869898097	0.010059715074010897	NHW
39	7191	40.46725073007927	2.899786780383795	1.0296749027045002	0.41918088446480944	1.0567650947553988	0.11555021555394553	1.0646775559588624	0.07711046502290725	1.0328912466843503	0.3186906855410887	NHW
40	7209	43.02954640033292	2.899786780383795	1.007972397821869	0.8126290093538533	1.0319302944760773	0.34662490262266404	1.0995387074674583	0.004359779809834752	1.0183735054814926	0.5570544211358531	NHW
41	7188	45.68725653867557	2.899786780383795	1.0048944318807405	0.8828502473860362	1.056938588354345	0.0788381764227058	1.127976342277327	0.00010949453655616677	1.0534554150098625	0.07078749769500806	NHW
42	7209	44.27798585101956	2.899786780383795	0.9747519785075014	0.4424602681567905	1.072468102721482	0.030013861720380328	1.131679654913607	0.00010599434531076112	1.081058640373638	0.007797063705204785	NHW
43	7194	45.09313316652766	2.899786780383795	1.100182498338574	0.0026195719465910046	1.1203516800806128	0.0002831291412846462	1.0889981380459284	0.007204250900520582	1.0192828941183842	0.5236785991187108	NHW
44	7208	44.21476137624861	2.899786780383795	1.1457987119444493	2.0340031387250883e-05	1.1585337914602465	3.0697406606370693e-06	1.1395046631521477	4.403140146380549e-05	1.0630427103382416	0.03793733872647286	NHW
45	7191	43.34584897788903	2.899786780383795	1.1984074181698319	1.7310281752023493e-08	1.214512090209547	8.798792924914701e-10	1.0707693612210287	0.04060077943899951	1.0314331347134345	0.31039743760267113	NHW
46	7207	45.34480366310532	2.899786780383795	1.103120905068957	0.0017778772623549632	1.1756584633580494	1.322269789885736e-07	1.1158609980965377	0.0004930728245529648	1.0776452331779485	0.009247725911761456	NHW
47	7205	45.315752949340734	2.899786780383795	1.19497661990648	7.175989732387293e-09	1.1939163374289063	6.6363889785893966e-09	1.0960258196124462	0.0038075357931093173	1.0522408514996024	0.07970672950227121	NHW
48	7193	47.74085916863618	2.899786780383795	1.1578079377095274	6.703025136304583e-07	1.178589972238688	1.7643668049377338e-08	1.1197546742576179	0.0001462239986233438	1.065346462964304	0.02126268040626838	NHW
49	7212	48.0726566833056	2.899786780383795	1.2106931530008453	3.678068899994421e-11	1.2038453599640653	1.1289738096350275e-10	1.1463789716405701	3.3469029405311678e-06	1.0823565926761263	0.0036208695048387026	NHW
50	7204	47.08495280399778	2.899786780383795	1.0458213510673013	0.14976601170286485	1.089337031416582	0.004653923950788564	1.1427370588884278	8.780364116258018e-06	1.0794074154771736	0.005898861146714465	NHW
51	7213	45.47345071398863	2.899786780383795	1.0406137126520403	0.21583330217816052	1.0712596849878142	0.02828191490876472	1.1257164949320064	0.00015747918098990674	1.0838857205347623	0.0049083886851654275	NHW
52	7195	45.879082696316885	2.899786780383795	0.9952019574083225	0.8828855160109268	1.049214213903481	0.12851472729718416	1.1622162789611816	9.643182218166526e-07	1.0512360511912011	0.08005106472654636	NHW
53	7197	48.325691260247325	2.899786780383795	1.0338928195431696	0.27724993019852584	1.1029037326846305	0.0008886998662240415	1.1383329028925622	1.019216893592717e-05	1.0776186117300928	0.005475691817281988	NHW
54	7212	45.04991680532446	2.899786780383795	1.0878276727494172	0.00796300437325586	1.1426516786094043	1.6883482704888336e-05	1.1376621271875433	4.0454964488506845e-05	1.08756318738071	0.0034942603900998143	NHW
55	7210	44.07766990291262	2.899786780383795	1.0959330764691588	0.004536882486532723	1.0773442841775651	0.02055876602220734	1.094698498917312	0.005400249786827408	1.012089518668466	0.6898328910595108	NHW
56	7203	47.10537276134944	2.899786780383795	1.1390674431415757	1.5187495887509014e-05	1.1867619406968444	6.1984313892827135e-09	1.1304029004299032	4.83149091431181e-05	1.0804046829103358	0.005428846085670114	NHW
57	7202	44.6126076089975	2.899786780383795	1.0956002478733593	0.004565072301793512	1.1364102261824063	4.6152038023469737e-05	1.119638693784184	0.00038688880348499626	1.077114381229106	0.010686497065022914	NHW
58	7193	45.794522452384264	2.899786780383795	1.1126711821897866	0.0006258407848527192	1.116419123486531	0.0003589059420466465	1.1007348562002786	0.002148599522231065	1.0425000712342345	0.15176042843975124	NHW
59	7213	46.180507417163454	2.899786780383795	1.0212405850228798	0.5172643540227744	1.0501949511704567	0.1148664830625021	1.1487244466517228	6.360066096274033e-06	1.0551695603831681	0.05985801074762995	NHW
60	7209	44.90220557636288	2.899786780383795	1.1912436311668946	1.6921038865282446e-08	1.201748348319385	2.231972285367872e-09	1.0904292812075576	0.0065463284582800915	1.056642903862326	0.05927546256158674	NHW
61	7197	48.047797693483396	2.899786780383795	1.0213339460685729	0.4992339961272877	1.0661825469072728	0.03331259616316207	1.150628343265885	1.8555331895437984e-06	1.0698765321731531	0.012884056724120234	NHW
62	7214	46.756307180482395	2.899786780383795	1.0159943116238817	0.6172368405428046	1.055389779837586	0.08005594264250676	1.1563138033932263	1.5637307250382549e-06	1.0798895864187978	0.005889819464754243	NHW
63	7197	42.892872030012505	2.899786780383795	1.1081871848269453	0.0018392562442130877	1.1645643843601856	2.44994067769285e-06	1.0619031616838772	0.07474065778478736	1.0366451712553577	0.23985870883212904	NHW
64	7196	44.886047804335746	2.899786780383795	0.9785741995165765	0.5163654965838826	1.0081626154588292	0.8148034763067487	1.1537841519893313	5.325758793377387e-06	1.0483406350321336	0.1050026186931578	NHW
65	7207	47.37061190509227	2.899786780383795	1.2282037323738617	1.9228373996329705e-12	1.2359651662783668	2.7822869235346106e-13	1.1497171327396025	2.844705699795458e-06	1.1179563708219185	4.536461193215738e-05	NHW
66	7197	45.11602056412394	2.899786780383795	1.1522186813186814	5.4958970311104685e-06	1.152897465546983	4.259345206390765e-06	1.0415948883221462	0.20421346388398276	1.0433406302659969	0.14402584452017486	NHW
67	7204	45.79400333148251	2.899786780383795	1.1509727594804897	5.414865191326549e-06	1.1483173117876553	6.621829775958898e-06	1.126084252684765	0.00012587459030871052	1.0846489762096256	0.004167828904130623	NHW
68	7211	44.778810151157955	2.899786780383795	1.0374740232891853	0.26186227553882757	1.051701466294745	0.12055551481858565	1.14018802594852	3.479130379591403e-05	1.0371989239665038	0.21172760743586938	NHW
69	7209	45.068664169787766	2.899786780383795	1.076998944719539	0.019779419660585863	1.1071729233805023	0.0011559694419695998	1.1296825831917112	0.0001081368221040934	1.0541259469022672	0.07091945567584329	NHW
70	7199	44.28392832337825	2.899786780383795	0.9668074462850582	0.315114505814447	0.9945006578058291	0.8834476606144515	1.1191641219969832	0.0004309412630036048	1.0606607015275746	0.04598696482709158	NHW
71	7192	42.60289210233593	2.899786780383795	1.2093211214843003	4.728589199899404e-09	1.1510713114570514	1.6817827635653504e-05	1.0716022224037536	0.04023347356482438	1.0362328743326348	0.2502638482907031	NHW
72	7213	45.39026757243865	2.899786780383795	1.18149237118885	6.62241410735034e-08	1.1377164233544412	3.246249325198636e-05	1.1288249822947378	0.00010964965072553747	1.0599317272356066	0.04369716125552063	NHW
73	7209	44.749618532390066	2.899786780383795	1.1958528394482735	9.776648940759408e-09	1.1931491304462567	1.0851437439206078e-08	1.1005564518784368	0.0028340493125652002	1.0312343703110933	0.3000622082383332	NHW
74	7184	46.9097995545657	2.899786780383795	1.162031866577321	5.471473280124678e-07	1.1315377267591669	3.829803745542799e-05	1.0712918302896584	0.025217712391884434	1.0766810525858448	0.008024883182576522	NHW
75	7205	47.48091603053435	2.899786780383795	1.0422895774924137	0.17628167621399238	1.0531114538599569	0.09058975005249864	1.127940935192781	6.162403405742022e-05	1.0436545890729119	0.12464062887969156	NHW
76	7214	46.520654283337954	2.899786780383795	1.1567098047817506	1.5839247592796305e-06	1.2252996105686271	6.386684193897369e-12	1.1478743967516292	5.6750520214470305e-06	1.0480257447920809	0.09528976820737994	NHW
77	7195	47.6997915218902	2.899786780383795	1.1914419041469784	2.325210397334093e-09	1.192788343833965	1.5025920880837206e-09	1.14613972047989	4.358335103882572e-06	1.0710230851041644	0.011948794843550577	NHW
78	7208	46.198668146503884	2.899786780383795	1.0606041211171102	0.05944117513742568	1.1028485933436998	0.001446646767537489	1.0797574849063254	0.01441011099298141	1.0312170634353985	0.28897476012135986	NHW
79	7208	47.28079911209767	2.899786780383795	1.1154608545150002	0.00029903022449004075	1.1398303832553125	1.0521694543884026e-05	1.1482271103088582	3.770715822056985e-06	1.0646227910895285	0.024457869415796876	NHW
80	7190	42.573018080667595	2.899786780383795	1.0127592046114255	0.721548351140679	1.0649431074015185	0.0593309625655875	1.0994691201971964	0.004723724228870003	1.0432795978167433	0.1643726258220135	NHW
81	7213	46.66574240953834	2.899786780383795	1.166101465002713	3.4958486623273337e-07	1.1851235597750218	1.2150617047757138e-08	1.1113420973953008	0.0005667657554565017	1.0773612545379057	0.007481832415613471	NHW
82	7196	47.06781545302946	2.899786780383795	1.155841265068979	1.3795028157861904e-06	1.189074450016451	4.292182569603401e-09	1.1267815089597324	7.898015566600188e-05	1.0707732030451123	0.013755786552805625	NHW
83	7210	43.56449375866852	2.899786780383795	1.132562863568305	0.00011917434211786195	1.120204931796345	0.0004241909414688761	1.0927609119444068	0.0069901353238341155	1.059007144878325	0.0550759540609987	NHW
84	7196	44.98332406892718	2.899786780383795	1.061396657364717	0.06306345363893623	1.0663933259881258	0.04337086921466379	1.094830148515555	0.00456241987079408	1.0367004255925159	0.22159084379788802	NHW
85	7205	47.41151977793199	2.899786780383795	1.0206516568891708	0.5179138411317568	1.0737374659611076	0.018180667825326534	1.1264180675958235	7.062447085710628e-05	1.0738108120836627	0.009505427463615167	NHW
86	7204	46.75180455302609	2.899786780383795	0.9892761332289493	0.7462904283363754	1.0767956372820522	0.015419962972522214	1.1622008856736306	6.260322125740489e-07	1.064590222975478	0.026079320864619285	NHW
87	7174	41.74797881237804	2.899786780383795	0.9906113950077512	0.8112372930680603	1.0048043495605985	0.905924018935736	1.0425990356160089	0.2330018057832985	1.0334925802023345	0.2952182554427925	NHW
88	7194	45.81595774256325	2.899786780383795	1.050204467849642	0.12529413272503556	1.0671651463037735	0.037884844116704744	1.170357734576434	2.8167705630921926e-07	1.0563251357783607	0.05605161013402353	NHW
89	7212	47.00499168053245	2.899786780383795	1.0647674916351995	0.04246426222539097	1.1189137340559114	0.00018732796542583513	1.1617470036260529	5.502914618627093e-07	1.106333614815975	0.0002584405630901965	NHW
90	7214	49.0158026060438	2.899786780383795	1.186802743742715	2.045098053818689e-09	1.1948145732389117	3.036063286253293e-10	1.1317924057158508	2.0152052250836144e-05	1.0923653142653584	0.0008688561742460231	NHW
91	7191	44.541788346544294	2.899786780383795	1.0880880187126396	0.00855321742700669	1.1059917262741743	0.0015455931760861008	1.1303817167248393	0.00011984821295937773	1.0315245787604972	0.2994447695389119	NHW
92	7214	46.922650401996115	2.899786780383795	1.1972892142687035	1.3313617226672299e-09	1.1815130718817746	1.7464459710039514e-08	1.0797571441552363	0.012334183339612573	1.0306962543505978	0.2896822729668609	NHW
93	7189	43.677841146195576	2.899786780383795	1.147769445561764	1.951889193206686e-05	1.1436536991974222	2.6555725223786317e-05	1.0814516212865273	0.017719158181848656	1.0745110797568982	0.015265567783827098	NHW
94	7217	50.89372315366496	2.899786780383795	1.1753069942832186	4.20627722664455e-09	1.2108376878651297	1.6680176599479146e-12	1.1227226232362435	3.3948176940463116e-05	1.1174138024410538	1.2886475393874221e-05	NHW
95	7195	45.865184155663655	2.899786780383795	0.9811420050872731	0.5559007485859697	0.9975928909444222	0.9533900901856311	1.0944559307757102	0.003842243831418291	1.0473995626034336	0.10555621571571981	NHW
96	7216	49.00221729490023	2.899786780383795	1.1385444703235474	6.997039013474711e-06	1.2028986962897492	6.361954404751202e-11	1.1424795485682546	4.466182959086235e-06	1.1010628019323672	0.00029278187067425073	NHW
97	7190	44.381084840055635	2.899786780383795	1.0456187620651416	0.17400050198869393	1.070859773783396	0.034714500617584416	1.156785476564939	4.452899373522714e-06	1.0762245096030454	0.012341331086013704	NHW
98	7203	47.410801055115925	2.899786780383795	1.1339285714285716	2.6106495704859603e-05	1.160939637780303	4.4214764052251005e-07	1.157163058165478	8.83077551926036e-07	1.0686017365833247	0.016023008653193577	NHW
99	7206	48.903691368304194	2.899786780383795	1.2028749215509027	8.337051384755828e-11	1.217492141809312	3.0806013473173567e-12	1.0937015049261973	0.0022397107866511776	1.102622742104936	0.00023791531130706807	NHW
0	7226	54.49764738444506	2.8978622327790973	0.9659643834626498	0.20548510803766307	0.9294393131758723	0.0071817684396393066	1.010234938101788	0.7235576669425885	1.0036360215625484	0.8945544286762526	Hispanic
1	7226	49.54331580404096	2.8978622327790973	0.9471009133981108	0.07360781305495817	0.9099541566500812	0.0018399010686929438	1.0159751699772235	0.5972747148184687	0.9977238035377571	0.9368794513223726	Hispanic
2	7226	52.7816219208414	2.8978622327790973	1.0232241350227085	0.4109170275484055	1.0021684201325713	0.9535111811001393	1.0267539422411014	0.346797914205611	0.9955637007077858	0.8739389639319042	Hispanic
3	7226	53.19678937171326	2.8978622327790973	0.9937287304860827	0.8370233405642519	0.9812092280690623	0.5023561386921556	1.0494681293393844	0.07756324346406793	0.9939750478402929	0.8118322395814204	Hispanic
4	7226	51.31469692776086	2.8978622327790973	1.0403203923877231	0.16794729565419908	1.0007715879481816	1.0	1.0268727563422912	0.3626348747862292	0.9986896910794862	0.9789295057598366	Hispanic
5	7226	51.8820924439524	2.8978622327790973	0.9617929879099534	0.1770327356881683	0.9422497456892538	0.0386209928156125	0.9897744890119748	0.7244818708190992	0.9755643581224978	0.3415187178203918	Hispanic
6	7226	53.044561306393575	2.8978622327790973	0.976037743963573	0.39418184958319635	0.974939655081148	0.36603706053460705	1.0281901351199312	0.3173493299283415	0.9792892248896454	0.41221152330961697	Hispanic
7	7226	52.38029338499861	2.8978622327790973	1.0020802017364447	0.9531816861353813	0.973544785589682	0.3511115219549069	1.040408369218859	0.15832379686222603	1.0131939406870065	0.6155280968678245	Hispanic
8	7226	51.60531414337116	2.8978622327790973	0.9358328760859623	0.023844634944205807	0.9026921515392156	0.000472626995942304	1.0456602382228486	0.11281855716156321	1.0038082476009338	0.8949299997378026	Hispanic
9	7226	53.4735676722945	2.8978622327790973	0.9688014042949319	0.25169837778333526	0.9567101915268121	0.10860348021763946	1.0333827108242513	0.2276963900494475	0.9845361678859331	0.5426764890443598	Hispanic
10	7226	51.09327428729588	2.8978622327790973	0.9763823512441532	0.4115782088233375	0.9516979344479946	0.091287731094737	1.0202232343626807	0.4994513792564354	0.9934051975395645	0.8121384649751165	Hispanic
11	7226	53.058400221422644	2.8978622327790973	0.9581373223629664	0.12663859275311487	0.9761992670386173	0.3818618739664827	1.034426268219681	0.21685118435013112	0.9880459597099922	0.6340279799336641	Hispanic
12	7226	51.89593135898145	2.8978622327790973	1.0042164958893767	0.8833805709156933	0.9659318276690995	0.22134170907173994	1.0361317784077906	0.20658392695948147	0.9831662043951355	0.5089846487689441	Hispanic
13	7226	52.061998339330195	2.8978622327790973	0.9651073635353498	0.21768358531461685	0.9598293517193904	0.15345189620930066	1.0079648214247066	0.7914633804408399	0.9733224653370351	0.2906209426164923	Hispanic
14	7226	54.8436202601716	2.8978622327790973	0.9500678113796415	0.05932480481856967	0.9320431122250522	0.009247945573831826	1.042774977756774	0.11131999015516186	0.995460698566067	0.8527117799156153	Hispanic
15	7226	54.22086908386382	2.8978622327790973	0.9627441051601902	0.16662929877828164	0.9721385854087919	0.30660849319883865	0.9802133280798713	0.46157518683902365	0.9965780965354252	0.8946156704126986	Hispanic
16	7226	52.75394409078328	2.8978622327790973	0.923931394170564	0.005752470314949498	0.9036550397762042	0.0003747471890944426	1.0027884838002372	0.9297271520046815	0.9688109324920291	0.21394481396412582	Hispanic
17	7226	53.44588984223637	2.8978622327790973	0.9907969304371559	0.7464427801149557	0.9940241355302852	0.8381862316914218	0.9910014988564181	0.7462290410400662	0.9833561331509347	0.5082043865305407	Hispanic
18	7226	52.311098809853306	2.8978622327790973	0.9503623124581917	0.07338869521845306	0.9738685450794028	0.35116699574721605	1.0324065360241104	0.25186749769143607	0.9882618758955141	0.65319601746883	Hispanic
19	7226	53.01688347633545	2.8978622327790973	1.005754147017205	0.8371164645833378	0.9755800095344033	0.3816976588515638	1.038749836248117	0.166936540098918	0.9982795229662703	0.9578115467109398	Hispanic
20	7226	53.03072239136451	2.8978622327790973	0.9924626120469621	0.791487140413832	1.0054720330644276	0.8611155446799634	1.0499793535896043	0.07758740101063746	1.0058097496174478	0.8324110292778514	Hispanic
21	7226	52.57403819540548	2.8978622327790973	0.9533918213926962	0.09416310875121539	0.9687140969413709	0.25583758902867193	1.0202919439755012	0.48052511379822826	0.9877896425104461	0.6341909582566905	Hispanic
22	7226	51.35621367284805	2.8978622327790973	0.9987501284990704	0.9765987176683486	0.9833096759578953	0.5604317524639129	1.0258231419405786	0.37833917883369816	0.9719974867884255	0.27887855342151846	Hispanic
23	7226	53.667312482701355	2.8978622327790973	0.9777214818712565	0.42720115083680665	0.9763210594991383	0.38139427494713607	1.0115403900244266	0.6803187672034541	0.9829151909915712	0.49127575839405313	Hispanic
24	7226	54.63603653473568	2.8978622327790973	0.9790821307175707	0.4438353124965868	0.9604246798981144	0.13605267652610964	1.0171701940194313	0.5358559927516291	1.0097798711281196	0.6908870678352175	Hispanic
25	7226	51.96512593412677	2.8978622327790973	0.9592058301547118	0.15039202586156575	0.9862609305752708	0.6411846833187238	1.038798784272418	0.17659164696539387	1.0011357889232722	0.9789209948710575	Hispanic
26	7226	51.31469692776086	2.8978622327790973	1.0037769470961997	0.906596494652966	0.9669827294277006	0.2442459307367688	1.0496772647154529	0.08850606876815244	1.0016443943075322	0.9578778317525527	Hispanic
27	7226	52.21422640464988	2.8978622327790973	0.9658229158578564	0.22873297246940683	0.9350855327468232	0.018292616710847597	1.0351771674525547	0.21718778449326512	0.9634876970331117	0.14610866141693826	Hispanic
28	7226	52.04815942430113	2.8978622327790973	1.0078108880019667	0.7916865851613808	0.9936625306007497	0.8384265913416917	1.0179463055103226	0.5372569825704326	1.0012363742149666	0.9789187727498552	Hispanic
29	7226	54.0132853584279	2.8978622327790973	0.9579612351292277	0.11897371635017287	0.9322175142699065	0.011060582495076497	1.0426874816437703	0.11865575212781257	1.003173122947167	0.915621633099171	Hispanic
30	7226	55.38333794630501	2.8978622327790973	0.9379856835053967	0.018244559567880403	0.9544072315779916	0.07899669723143937	1.0466341703233768	0.08144708732173517	0.9801914150815271	0.41030245728611636	Hispanic
31	7226	52.33877663991143	2.8978622327790973	1.0292016258908518	0.304243557375265	0.9967096396843195	0.9072500980571964	1.024426090956845	0.39410523598892444	1.0005701205762474	1.0	Hispanic
32	7226	51.48076390810961	2.8978622327790973	0.9425982565896132	0.04291949900032709	0.9363266309446489	0.023129813749242695	1.0240292427934932	0.41091773873029824	0.960448859455482	0.11922505345006401	Hispanic
33	7226	53.21062828674232	2.8978622327790973	0.9824700216633244	0.5371590785134511	0.9748992485437236	0.3659341848134686	1.037930732759129	0.1760255622460521	0.988760107141963	0.652944263660642	Hispanic
34	7226	52.21422640464988	2.8978622327790973	0.9515723860025243	0.08329213634258607	0.9544124130717274	0.10275871892230795	1.0422270876780408	0.1417389910151175	0.9981678270428728	0.9578465387601635	Hispanic
35	7226	52.62939385552172	2.8978622327790973	0.935867585460698	0.020326464096816817	0.934018997943976	0.015569381949143191	1.055141771914468	0.05233148593066689	0.9965395146024877	0.8948486378990557	Hispanic
36	7226	53.65347356767229	2.8978622327790973	1.0348535800767333	0.20613312189079674	0.9850713876487316	0.5793596396883738	1.020568749390325	0.46180363790554435	1.0028914203220802	0.9156693257688582	Hispanic
37	7226	54.525325214503184	2.8978622327790973	0.9709629054986788	0.27604066065503413	0.9769773218216724	0.3966684646041785	1.0312361316874246	0.2503642902518491	1.0060674451313252	0.8114254523223905	Hispanic
38	7226	52.74010517575422	2.8978622327790973	0.9432728226727839	0.03979054160282379	0.9287599246116304	0.008716255708996545	1.0526789535071985	0.06396254240821145	1.0112129270482224	0.6722404343264687	Hispanic
39	7226	52.311098809853306	2.8978622327790973	0.9247458143443877	0.006333906087995506	0.9044736345918665	0.00046965744921199806	1.052494849323955	0.06415200470286724	0.9909089366467847	0.7311455329420793	Hispanic
40	7226	53.058400221422644	2.8978622327790973	0.9876155192568727	0.6594451583800593	0.9595094086021504	0.1370137619317116	1.0007384609005572	1.0	0.9908933544065627	0.730920437810757	Hispanic
41	7226	52.684749515637975	2.8978622327790973	0.965993482762794	0.21754269561146594	0.9541454954333782	0.0966034526351256	1.0613899189810612	0.02959704031378153	1.0155759672959817	0.54312020979478	Hispanic
42	7226	53.8333794630501	2.8978622327790973	1.0006279944491676	1.0	0.9691137972578389	0.25491847317554656	1.0690028659207733	0.012328706655400212	1.0093445938106054	0.7108631016925447	Hispanic
43	7226	53.8333794630501	2.8978622327790973	0.9971147336445451	0.9296851085171598	0.9984631845278631	0.9767102860039196	1.0278942903361414	0.31676520776042705	1.0012028869286287	0.9788727370213783	Hispanic
44	7226	53.45972875726544	2.8978622327790973	0.9627753231746434	0.1762548803877652	0.9508091937573123	0.07042561716098784	1.0255731728100228	0.36163815616633455	0.9784401810164388	0.3824939948839897	Hispanic
45	7226	52.80929975089953	2.8978622327790973	0.9718131948912385	0.3179336848969576	0.9550993193964938	0.10257185963335304	1.068953588056443	0.01466034428715053	1.0063586157977402	0.8118897843908001	Hispanic
46	7226	52.933849986161086	2.8978622327790973	1.024708572753976	0.37821353252647993	0.9908287068057815	0.7484348740939425	1.0004438240694942	1.0	0.9914907530054828	0.75094105624305	Hispanic
47	7226	53.88873512316634	2.8978622327790973	0.9214827027463192	0.0035788618805356848	0.8996926642999808	0.00014694837559440195	1.0034310119929868	0.9062622021956951	0.9789867989780914	0.3967452297756183	Hispanic
48	7226	51.90977027401051	2.8978622327790973	0.9896676325787832	0.7247332448415682	0.9343011467865305	0.018294584438716732	1.0146868100747863	0.617499467554931	0.9729178725867411	0.2905758844012322	Hispanic
49	7226	51.37005258787711	2.8978622327790973	1.0098088413997732	0.7469281506118701	0.9452848755905284	0.051128746014714066	1.0319112166209958	0.2772112648192774	0.9887220969121879	0.6726016214609365	Hispanic
50	7226	52.97536673124827	2.8978622327790973	1.037853723235131	0.1766232849933948	0.9812949134371453	0.5024946428492574	1.0036982526022018	0.9063657919748475	0.9875681469881334	0.6340034682141114	Hispanic
51	7226	52.255743149737064	2.8978622327790973	0.9694122389173496	0.27742511835035	0.970362143097318	0.294213696540931	1.047185921962926	0.0998049063566385	0.9791358014239635	0.4126255710867589	Hispanic
52	7226	52.50484362026017	2.8978622327790973	0.9704494658793275	0.29053571071136264	0.9601435853427996	0.1532685822069385	1.0180040296028563	0.5370529772490548	0.990185387131952	0.7113026827019353	Hispanic
53	7226	53.50124550235261	2.8978622327790973	0.9767456839875761	0.3940395592272239	0.9943037713446657	0.8382008896432882	1.036648057630193	0.18549573198514258	1.017103305301523	0.49145655528520116	Hispanic
54	7226	51.06559645723775	2.8978622327790973	1.0242041028157851	0.41149149172569	0.9801475420067033	0.48491538115257005	1.0311521784661017	0.29048878382296317	0.987359648208016	0.6345583408016175	Hispanic
55	7226	50.96872405203432	2.8978622327790973	1.026666977676558	0.3632592154003571	0.9644165484347562	0.21077815926391086	1.0199624267739416	0.49951489276657635	1.0063413011702305	0.8121782937777803	Hispanic
56	7226	51.84057569886521	2.8978622327790973	1.0009242446436186	0.976596583904537	0.9820936919249988	0.5218391232638595	1.0110422839297755	0.702607478500289	0.9690532534304879	0.22426187846584902	Hispanic
57	7226	51.49460282313867	2.8978622327790973	0.9468642617595918	0.060433973165742644	0.9711791176256903	0.3082273611167471	0.9964629924945689	0.9065043911541915	0.9597426470588235	0.11306474985119368	Hispanic
58	7226	52.61555494049267	2.8978622327790973	1.0078966135798828	0.7915661959866123	0.9808177050477402	0.5026424362619917	1.0278823371139427	0.3320003335019309	1.0149088807289541	0.5608556768000887	Hispanic
59	7226	49.48796014392472	2.8978622327790973	0.9193602111277656	0.005831093782224189	0.8912098446173395	0.00015394284884640794	1.0434672262999014	0.15030121245035333	1.0172566451636218	0.5263393620936494	Hispanic
60	7226	51.632991973429284	2.8978622327790973	0.9534901994203312	0.10037124835164127	0.9485693281553118	0.0665728976603363	1.0266079835832747	0.3625455547306875	0.9628248346490292	0.1462444959752398	Hispanic
61	7226	50.0	2.8978622327790973	0.9336543492709967	0.022183187745910344	0.9412551652700445	0.04164118056660946	1.0310406463719866	0.30419808591794195	0.9970229354123834	0.9159088808494338	Hispanic
62	7226	53.63963465264323	2.8978622327790973	0.9296027740258919	0.008876573710522272	0.9582681286427688	0.12196294803468573	1.0561505046189632	0.04228055847897452	0.9797563833825738	0.41188589114176316	Hispanic
63	7226	52.51868253528923	2.8978622327790973	1.0386286242960947	0.1767425545489426	1.033515835154295	0.23220695989659162	1.0272513768895026	0.33220527984128434	1.0080151472698404	0.7511344696360933	Hispanic
64	7226	52.7816219208414	2.8978622327790973	0.9785716025032263	0.4451423898684701	0.9728095390184179	0.3218094412004793	1.0228250368498728	0.42730244048268207	1.000607995136039	1.0	Hispanic
65	7226	51.78522003874896	2.8978622327790973	0.9804430341393007	0.49971999422153013	0.9830853718562593	0.5602399507423419	1.0423165586858023	0.1419081765067154	1.008888888888889	0.7313148777067258	Hispanic
66	7226	53.15527262662607	2.8978622327790973	1.0491550748789804	0.07791015341918046	1.009810099656467	0.726412389976484	1.041221695767839	0.14135181716534256	1.0031373567455264	0.9157214214069831	Hispanic
67	7226	52.47716579020205	2.8978622327790973	0.9981139683762014	0.953181299722021	1.0050172028645104	0.8612417573091666	1.0647976105959092	0.023598686934714657	1.0186319507242916	0.4753902450513803	Hispanic
68	7226	51.96512593412677	2.8978622327790973	0.9485171731385804	0.06877470734756186	0.9515161612795734	0.08057428430144681	1.027676239121299	0.3323936807799943	0.998690416071077	0.9789195214561748	Hispanic
69	7226	52.67091060060891	2.8978622327790973	0.9879666150623886	0.6809580471412748	0.9346646877632222	0.01684041739464819	1.074219983851638	0.008874856796052058	1.0260563859852225	0.30257930853110826	Hispanic
70	7226	53.77802380293385	2.8978622327790973	1.0179663021013627	0.5176574320655762	0.9750354508125413	0.365505393655863	1.0393068888773318	0.15757624054568697	0.9978042608091566	0.9366908115751265	Hispanic
71	7226	50.49820094104622	2.8978622327790973	0.9213069367170568	0.006368110607031932	0.8836050131954896	3.5527606485423745e-05	1.0709421202353606	0.016088745593539254	0.9892023440314175	0.6920733505460459	Hispanic
72	7226	54.331580404096314	2.8978622327790973	0.9275146692377626	0.006748910448256934	0.9494157489005659	0.05754699373368326	1.0637270277035042	0.01990861376654228	0.9985419038803378	0.9577346500723141	Hispanic
73	7226	49.68170495433158	2.8978622327790973	0.9417449415523745	0.04617906303041299	0.9015079763032294	0.0006574677667833507	0.9895198107474984	0.7247217478746422	0.9731516435770504	0.3157426264136952	Hispanic
74	7226	53.08607805148077	2.8978622327790973	0.9725130181235551	0.31793635687878236	0.9463654441007513	0.05069892782878703	1.0229311535304	0.41035812386198744	0.9750485364085557	0.31487695830697787	Hispanic
75	7226	51.72986437863272	2.8978622327790973	1.0102841346878706	0.7247908020100253	1.0125443470905027	0.6622929157730557	1.0305654412353213	0.29033272823442996	0.9905560799794046	0.7115679459208161	Hispanic
76	7226	54.99584832549128	2.8978622327790973	0.9825332225554213	0.5167412842520238	0.9456209778923649	0.03780546144595787	1.0109681468217038	0.7013010129582127	0.9920030372303043	0.750163556102275	Hispanic
77	7226	54.151674508718514	2.8978622327790973	1.0040210569030386	0.8830604607020818	0.9402274013479446	0.024501520453530157	1.0331273023440675	0.22714383397718158	1.0085191712234007	0.7305662572468741	Hispanic
78	7226	51.6606698034874	2.8978622327790973	0.8963821037210823	0.00019360676847616674	0.9192368618053914	0.003588836129776231	1.0804189533087227	0.005748512058799058	0.9860499454874794	0.5972671386317208	Hispanic
79	7226	54.06864101854415	2.8978622327790973	0.9545662385168556	0.09347732797180165	0.9380507317324539	0.019493905925482558	1.0406582487894522	0.14080881288727123	0.9843595019304703	0.5249571980457222	Hispanic
80	7226	51.21782452255743	2.8978622327790973	0.9674298170098802	0.25277407218473236	0.9722332667917064	0.33668185218004426	1.0365053419004728	0.20686016508218003	0.9827009991515006	0.5091268207285926	Hispanic
81	7226	52.83697758095766	2.8978622327790973	0.9898958548865437	0.7244923720906458	0.9791170497799138	0.4485622064571705	1.0893843357088053	0.0016468334734236311	1.0221586817469395	0.3828607754208871	Hispanic
82	7226	53.58427899252699	2.8978622327790973	0.9201966660702569	0.002983974557788105	0.9105956554864911	0.0007904166923149349	1.0219429766593	0.4269403943993879	0.986654192918112	0.5965317063698072	Hispanic
83	7226	51.34237475781899	2.8978622327790973	0.9731120508885798	0.3479258019473894	0.9744712502278113	0.3668781179165944	1.0523826184904927	0.07320205405809652	1.0131548038524782	0.6158443129172595	Hispanic
84	7226	53.69499031275949	2.8978622327790973	0.9904513160331294	0.7463384411880272	0.9904210361490471	0.7262440471690548	1.017998047250803	0.5173211246254852	0.9867770780648253	0.5964967726810184	Hispanic
85	7226	51.577636313313036	2.8978622327790973	0.9870462219859059	0.6598691360324838	0.9946134113558877	0.861308188436777	1.0021177840509754	0.9531617092590952	0.9768127619815016	0.369128843728157	Hispanic
86	7226	51.522280653196795	2.8978622327790973	0.9338303725117154	0.018916410477154484	0.9501499155481772	0.07573241108223636	1.006505547665625	0.8371190104184314	0.9770276887655605	0.36924448427383216	Hispanic
87	7226	52.795460835870465	2.8978622327790973	0.9811646657966057	0.49939180907019143	0.9595094086021505	0.1449169419608491	1.0485643539672906	0.08808282827352268	1.005993331363694	0.8119348723198478	Hispanic
88	7226	50.37365070578467	2.8978622327790973	0.98168459756563	0.5380183997110671	0.9338611104969525	0.021463469927596443	1.0331290784809257	0.2646463902180145	0.9878259337561662	0.6535530876725539	Hispanic
89	7226	52.75394409078328	2.8978622327790973	0.9496530299362543	0.06862165349621027	0.960141080365549	0.14510925393025909	1.019529909837421	0.49890782697019065	1.0045776165960794	0.8739425915919234	Hispanic
90	7226	52.96152781621921	2.8978622327790973	0.9491707966189278	0.06421811870467464	0.9344896065525509	0.01553680348342423	1.0368223581857756	0.19564763548008116	0.9905392263711206	0.7111938945864762	Hispanic
91	7226	53.8333794630501	2.8978622327790973	0.9910670772597558	0.7463292953248359	0.9660114084668309	0.2093835767866392	1.023379750853503	0.3933309209868625	0.9963869252114164	0.8946654867732612	Hispanic
92	7226	52.57403819540548	2.8978622327790973	1.0226985228340089	0.4278651844669813	1.0016716063170255	0.953536102839501	1.0361779911052116	0.20619692913949136	1.016245057608095	0.5257922813261897	Hispanic
93	7226	54.151674508718514	2.8978622327790973	0.9907147674465698	0.7461607238751309	0.9857931017156482	0.5991626311492064	1.0100541969175338	0.7237318488661272	0.9890114844537712	0.6524958361256628	Hispanic
94	7226	56.04760586769997	2.8978622327790973	0.976482300115457	0.37543985887549847	0.9577270381836943	0.10060391926186234	1.0353595309310408	0.18323909274850103	1.0075595328137066	0.7496624692523588	Hispanic
95	7226	51.42540824799335	2.8978622327790973	0.9678241029407009	0.26492669553130904	0.9741410329285136	0.36676540464628193	1.0468909815539802	0.10628876611110706	0.9856615044629753	0.5792033033920976	Hispanic
96	7226	54.06864101854415	2.8978622327790973	0.9318619351150293	0.011373591376064153	0.9234284302034718	0.003838156309637636	1.041333781570231	0.13308168236253598	1.0043336632030349	0.8737198605610279	Hispanic
97	7226	52.33877663991143	2.8978622327790973	0.9710542008185105	0.304190954592842	0.9370332726698666	0.023016815487858427	1.0337284393993011	0.23976224253091397	0.9985082619339046	0.9578482847130378	Hispanic
98	7226	51.812897868807084	2.8978622327790973	0.9490524125879227	0.06891278734191092	0.9569404409753711	0.1227542191906533	1.0402739859934784	0.15865243061354672	0.9817013238976781	0.47568824281149824	Hispanic
99	7226	52.44948796014393	2.8978622327790973	0.9958163456917432	0.8833163316484991	0.9674549982725891	0.24375816357065333	1.0289640334031565	0.30376182974441335	1.0045271544328742	0.8739770533795426	Hispanic
0	7212	50.110926234054354	2.8979591836734695	1.0631927176489406	0.03467297001544978	1.0038615380982738	0.9072591548089921	1.0396439406758224	0.1860545869075792	1.0668532784852043	0.012995918175738379	AA
1	7190	49.12378303198887	2.8979591836734695	1.0594479357014455	0.04931569844466463	1.0414040322353049	0.17079401399578917	0.9588327558760183	0.16679390659415508	0.9857522796352585	0.5969414014034446	AA
2	7176	46.12597547380156	2.8979591836734695	1.0937713418388808	0.0039054255554427817	1.0869173542739123	0.0071416363835066846	0.9467663262799593	0.09258672086835476	1.0116116456296829	0.6902521186299881	AA
3	7193	49.10329487001251	2.8979591836734695	1.0799867555933966	0.008988129291793876	1.0053734242074428	0.861232490404644	0.9610328188912363	0.19546452298081157	1.0060304874755324	0.8324331434021242	AA
4	7173	49.2680886658302	2.8979591836734695	1.0926623867710865	0.0024821336780252628	0.983025534313088	0.5795846778843547	0.9682304086704117	0.2892982532053653	1.0214009536381803	0.44267905297316845	AA
5	7187	45.84666759426742	2.8979591836734695	1.1232659720483757	0.0001812324589518012	1.1523859974396327	3.7378489732097153e-06	0.9943744816102217	0.882657368712636	1.0194535303042676	0.5067821390776908	AA
6	7186	48.121347063735044	2.8979591836734695	1.0082419757094432	0.7915965851210286	1.064627200073567	0.035779082226485	1.0682437666918105	0.029322349665502644	1.058807703332102	0.03628958690680517	AA
7	7203	49.36831875607386	2.8979591836734695	1.0992416969913454	0.001123318327952668	1.0617316878604104	0.04143390420209951	1.0064892615726877	0.836968850836747	1.0159228474040605	0.5606338618589128	AA
8	7190	48.99860917941585	2.8979591836734695	1.0477357420307678	0.11968900727088544	1.022067617843668	0.4663107101519502	0.9802349198484464	0.5175446851755536	1.0452851235804523	0.10097641573816094	AA
9	7203	49.13230598361793	2.8979591836734695	1.0930932489232525	0.0024871541658934475	1.0805895015731082	0.007988990410407133	1.0140182768190522	0.6590133380540104	1.025064620428161	0.3684498788425109	AA
10	7165	47.15980460572226	2.8979591836734695	0.9843419899772361	0.6170629452454551	0.9969367368691843	0.9302037180971721	1.0141514655554131	0.6582844341904652	0.9787868716917814	0.457223878606091	AA
11	7198	43.88719088635732	2.8979591836734695	1.0232114942414894	0.4965282976247643	1.0577775847004032	0.08858473642987949	0.980634196679819	0.5733284207514822	1.040268109271078	0.19166878540684373	AA
12	7185	48.72651356993737	2.8979591836734695	1.086181072923124	0.0052656943702610965	1.0223003246212587	0.46618429434377995	0.9818111228153787	0.5562284733883858	1.0439130993491885	0.11234388745333931	AA
13	7205	48.882720333102014	2.8979591836734695	1.1104430711954751	0.0003418230013983195	1.0635676961088	0.03597387608847743	1.0180716389830928	0.5565307467256697	1.05135140054238	0.06417682221126116	AA
14	7207	47.37061190509227	2.8979591836734695	1.1012402512018888	0.0013641656239133776	1.0641386499474237	0.04114194984220125	0.9465121249072875	0.08246358273103947	0.994374686912319	0.8529696927796848	AA
15	7197	48.4229540086147	2.8979591836734695	1.0156988263984148	0.6177593896994056	0.9312290593646353	0.02127526279996054	0.9797380312883326	0.5173158940646803	0.9574527847467331	0.11859246704226652	AA
16	7191	48.88054512585176	2.8979591836734695	1.0636000086821862	0.037140020621227565	1.0181944345632858	0.5599496283482445	1.005285081287602	0.8830241641612733	1.040760533382496	0.13859800217883542	AA
17	7189	49.74266240089025	2.8979591836734695	1.0659778237300654	0.027725507561460513	1.0355381077008485	0.2321598057133227	1.0184196728827242	0.5369271789632597	1.0070621349381703	0.7914706394488127	AA
18	7200	45.22222222222222	2.8979591836734695	1.1368845605233389	4.140519340737797e-05	1.121827686737559	0.00022513292808347337	1.0017241254932514	0.9764287006640082	1.0603958989888835	0.04346741993898737	AA
19	7205	52.352532963219986	2.8979591836734695	1.089106372704616	0.001845010101819674	1.0303214749519534	0.2806844953811094	0.995882101948783	0.883001204190275	1.0053085407877722	0.853038910775143	AA
20	7200	47.458333333333336	2.8979591836734695	1.0393395130596073	0.2066591267158128	1.0129596181460672	0.6830126165341825	0.9275474105375919	0.018412849335758145	0.9937036356009629	0.8322440908501129	AA
21	7181	48.97646567330455	2.8979591836734695	1.069620624508619	0.02373500202227956	0.9797266757065751	0.502521190846322	0.9603044071322728	0.18545509553014777	0.9934846298482661	0.8117642146755968	AA
22	7201	47.382308012776	2.8979591836734695	1.0033419702281157	0.9297620778008827	0.9583427625388582	0.17954528987644003	0.9421373374379594	0.06337197432828742	1.0161637931034484	0.5781047826271559	AA
23	7192	51.084538375973295	2.8979591836734695	1.0217584314838464	0.463118158198245	0.9417404982288684	0.041316676901627936	0.981322232051744	0.5175375133268602	0.9836093041179896	0.5256554388615768	AA
24	7204	50.09716823986674	2.8979591836734695	1.1291608936313944	1.8278375514368505e-05	1.0343698710084683	0.244028158465958	1.01754201721341	0.5564684987071168	0.9994931576279779	1.0	AA
25	7183	47.57065293053042	2.8979591836734695	1.056917783486118	0.06842250032726362	1.0418957539466522	0.17945497523154486	1.0530574058673867	0.09309979132678198	1.022610622503226	0.4267573031524179	AA
26	7161	47.996089931573806	2.8979591836734695	1.1578977832704975	6.554026026347371e-07	1.0456905832595416	0.14424656764100235	0.9503073605936015	0.10516247291000004	0.9760305955913199	0.39599084130304285	AA
27	7212	48.793677204658906	2.8979591836734695	1.039051582156759	0.2070320308605698	0.9987886944818305	0.9767604169601413	1.0363398391648808	0.23967056473594786	1.0549790883850771	0.04742223493444639	AA
28	7187	46.76499234729373	2.8979591836734695	1.012285813668084	0.7022802239320278	1.045055462453525	0.1525541000742925	0.9913511324520552	0.7907737007678599	1.0225674248683503	0.44206981176568627	AA
29	7186	48.27442248817144	2.8979591836734695	1.1397892070775522	9.099068119950858e-06	1.061632709890008	0.04734694697020525	0.9445323535196412	0.06794835287725834	0.9683341224031371	0.25504053148338024	AA
30	7189	49.65920155793573	2.8979591836734695	1.130914966335383	1.79956275354075e-05	1.0996381992139348	0.0008940924270384018	1.0759609122455565	0.012373719450015403	1.0493088358854779	0.07206691553644025	AA
31	7206	51.76242020538441	2.8979591836734695	1.0992503235932418	0.0006560340048570513	1.0420985265239067	0.1449923334434693	0.9628065778706115	0.19522989619601921	1.0048152852651744	0.8531396407662488	AA
32	7205	49.882026370575986	2.8979591836734695	1.01513283477993	0.61792403775514	0.9801243098685898	0.5029075673605976	1.0335819878207662	0.2637551442339416	1.0290081602803345	0.27853231064890144	AA
33	7188	47.9827490261547	2.8979591836734695	1.0213340406142464	0.4993636745169877	0.9585702133084256	0.17056070469764203	0.9903131258239491	0.7684170479480756	1.0173906706613598	0.5426347651479158	AA
34	7208	48.6126526082131	2.8979591836734695	1.1097235698403074	0.00042192964433412374	1.0120994895188444	0.7047463477562314	0.977639356627974	0.46222018084717625	0.9912949072838347	0.7510400042366279	AA
35	7180	43.66295264623955	2.8979591836734695	1.0645580678975968	0.058227867630585725	1.025543258642913	0.4449947351379805	1.0242873176206508	0.47660514754208966	1.0344037160800397	0.2620294684286736	AA
36	7196	51.48693718732629	2.8979591836734695	1.1517382619786778	2.350212336910405e-07	1.0695470937166969	0.015567136939482955	1.0220555444367267	0.4445593422413521	1.0315577274335606	0.22377501200389932	AA
37	7206	48.70940882597835	2.8979591836734695	1.06380142229542	0.037129147782085134	0.9868810495160387	0.6620733095272904	0.9814042049739963	0.5370439512780273	1.005047142204299	0.8531573704530989	AA
38	7191	49.21429564733695	2.8979591836734695	1.0796091853960585	0.008978282037236458	1.0198485626034839	0.5214409446826216	0.9888260516657258	0.7241042995533742	0.9760065674460411	0.38272170406837847	AA
39	7190	49.83310152990264	2.8979591836734695	0.9458546488488307	0.0645243534487676	0.9102957930379034	0.0018209726266443793	0.9134271319382821	0.0029602704999642042	0.9494555455770094	0.0568164216211324	AA
40	7173	49.700264882197125	2.8979591836734695	1.0025746988326607	0.9531610520543219	1.0450163638538235	0.12959070768173203	1.0572284103043905	0.059604229244941805	1.0443468237653746	0.10080158807367656	AA
41	7193	48.54719866536911	2.8979591836734695	1.1433174521523288	4.584448905841609e-06	1.0979669901537155	0.0014813932213283724	1.0609693152623367	0.04866736203446297	1.0383237667774374	0.16882016451102877	AA
42	7184	46.52004454342985	2.8979591836734695	1.0359007860134464	0.2636103691266055	1.0187418187931228	0.5590780458944554	1.0658331909399859	0.041803331503066386	1.0632669102342034	0.02963820445044662	AA
43	7185	44.954766875434935	2.8979591836734695	1.1153362637362636	0.0005524452130429309	1.0840701176432592	0.010795733822662051	1.0472149297528397	0.1556915692902495	1.0700045338572457	0.020621099746923353	AA
44	7188	45.90984974958264	2.8979591836734695	1.1267887021855276	0.00011379130153675909	1.0713400503804793	0.02827530567653031	1.0338998317323598	0.3013311962857173	1.0467080005943514	0.11123926479165597	AA
45	7187	44.60832057882288	2.8979591836734695	1.0356113655588186	0.2877458413330164	1.0083229891890797	0.8145779729424318	0.9621954830547255	0.24870200524138478	0.9959314952237622	0.8941490251801718	AA
46	7204	50.471960022209885	2.8979591836734695	1.0802079766126678	0.0069456307261522255	1.063291771118928	0.031121070143214316	0.9850243525075548	0.617089583477731	1.030299664462945	0.255652699426413	AA
47	7191	48.769294952023365	2.8979591836734695	0.9308124832914799	0.02039445628164587	0.9511433358914336	0.10261148965119177	1.0039180810048094	0.9063044508079259	0.9837812437967726	0.5605511661941602	AA
48	7189	48.64376130198915	2.8979591836734695	1.088401998579357	0.004392909195360532	1.0680404897512918	0.02670625867896929	1.04919099900186	0.1120555178411779	1.0435369460957469	0.11837317268827287	AA
49	7184	47.2021158129176	2.8979591836734695	1.1072399664189856	0.0007964383994612946	1.160516443009563	5.064596027650146e-07	1.0767634854771784	0.0156654532940098	1.045191689869351	0.11191749168265691	AA
50	7184	46.36692650334076	2.8979591836734695	1.1148438785010162	0.00041137919719472763	1.0903672370697943	0.005016517478102087	0.9756461279145989	0.4431479321801809	1.016659577665316	0.5774975595801732	AA
51	7173	48.264324550397326	2.8979591836734695	1.181111552314382	9.764290788135352e-09	1.022612917325218	0.46595090158335595	0.999297861655886	1.0	1.0154774824488793	0.5778194461855902	AA
52	7187	47.26589675803534	2.8979591836734695	1.1213271889400922	0.00014806173711940426	1.0264490636391463	0.39730989454672716	0.979989991932272	0.5360171081537113	1.0013508829251383	0.9788613211360886	AA
53	7211	51.14408542504507	2.8979591836734695	1.013756399075988	0.6388093682054844	0.9667790920826064	0.24392244483352252	0.9626967317295022	0.19568772958159927	0.9805593434164457	0.4592576435764495	AA
54	7198	49.70825229230342	2.8979591836734695	1.0828077695254283	0.006304943784942844	1.02751391318747	0.36629851253214907	0.9875793365966088	0.6806067638608528	1.0102952602952602	0.7111197696353353	AA
55	7192	48.9154616240267	2.8979591836734695	1.179522156084656	8.483587799355889e-09	1.093109710236719	0.0022131013091530516	0.9727724326265982	0.3772078547834925	1.0212825525547269	0.4430131486352751	AA
56	7187	47.40503687213023	2.8979591836734695	1.0323909127455402	0.3037436388731727	0.9580984638917721	0.1703288286752034	0.9825541391678916	0.5757431693224315	1.008674245166896	0.7707810608015733	AA
57	7172	48.08979364194088	2.8979591836734695	1.0773760860545587	0.01348789615817925	1.0581706763959797	0.06169169229628757	1.065329180572144	0.03637478496789665	1.0569155446756426	0.043851333099539605	AA
58	7192	47.42769744160178	2.8979591836734695	1.1198449863839393	0.00016797368805044168	1.0545507442900657	0.080056770125946	0.9640264026402641	0.25082925068720757	1.0729115140670307	0.010999166825019786	AA
59	7202	47.361843932241044	2.8979591836734695	1.0362204185791628	0.25178369737697087	1.009903245590978	0.7483217047730679	0.989141279191448	0.7459412865295014	0.9718884430333853	0.31435318569031767	AA
60	7187	47.126756643940446	2.8979591836734695	1.087251238240815	0.006245963312245958	1.0302216917646463	0.33546474764908746	0.9498239867012176	0.10510308963720405	0.9943724842304964	0.852836829290646	AA
61	7195	47.338429464906184	2.8979591836734695	1.1569020853102676	1.043504958179482e-06	1.0743291872176568	0.018094760371602975	1.018041543026706	0.5758703163846268	1.0296022201665125	0.30176509184442457	AA
62	7203	48.00777453838678	2.8979591836734695	0.996537388849132	0.9298077505508735	0.9624911934206346	0.2207356303870357	0.9480933794097903	0.08796593900316621	0.976336169535585	0.3970676424646512	AA
63	7179	45.20128151553141	2.8979591836734695	1.0344892088187105	0.30198165104932884	1.0118962136084706	0.7253019249809092	0.9972295949112822	0.9528720388426284	0.9756310187706668	0.40950479819447594	AA
64	7207	50.93658942694602	2.8979591836734695	1.027859429093997	0.34777653895052696	1.015264805194382	0.6000704753694364	0.9940168519436381	0.8370018372769183	1.0146056908758962	0.5787474873440115	AA
65	7190	46.30041724617524	2.8979591836734695	1.0199770400481782	0.5366132987137083	1.01982579138988	0.5394518753672519	0.9894704992435704	0.7456995553405941	1.0325559516735987	0.26518880274095236	AA
66	7191	45.376164650257266	2.8979591836734695	1.0145499670933837	0.658401144782755	1.0027885981969613	0.9300653822922432	1.0215813823548539	0.515781909090206	1.0493344574463153	0.09922867765195775	AA
67	7202	47.820049986114974	2.8979591836734695	1.1107241889600874	0.00042140893574397126	1.0488715043611185	0.11526691434871494	0.9945430915065314	0.8598466699824143	1.0053675357419207	0.8530118008102837	AA
68	7185	49.60334029227557	2.8979591836734695	1.0263910299484829	0.3787302688080503	0.9731354023693083	0.36634302627680204	1.0602125007654215	0.045452626836655186	1.0410596155893708	0.13161910875495875	AA
69	7207	50.14569168863605	2.8979591836734695	1.1551944304999626	2.788636114887698e-07	1.08015845683495	0.006752460538777983	1.0027441430688973	0.9297121348175178	0.9966221508557794	0.9157861655413679	AA
70	7176	47.70066889632107	2.8979591836734695	0.9782250950739195	0.48056737755538503	0.9842035885658805	0.619781679970207	1.03617025967261	0.25059527195589454	0.997294632486577	0.9365961560425369	AA
71	7185	50.9812108559499	2.8979591836734695	1.0596797451735789	0.04264686383629242	1.0421533654202981	0.1449179249188095	1.0109465841296157	0.7239848121984325	1.009925859201774	0.7109058490000785	AA
72	7189	47.97607455835304	2.8979591836734695	0.9780521262002744	0.48092771869185513	0.9479727456258411	0.08533260571825846	0.9695914258529577	0.33132078265225196	0.9847936166168029	0.5960569903727891	AA
73	7193	52.300848046712076	2.8979591836734695	1.1291591535399583	7.819353675689583e-06	1.048607058206982	0.0853333612841786	0.982557730143937	0.5366306186963645	1.0244905481890494	0.34065117357117214	AA
74	7180	47.89693593314763	2.8979591836734695	1.0551369069887588	0.07795674545452853	1.0527494813363845	0.09071908948490445	0.9209782446985042	0.009549226091334358	0.9901133162758476	0.7304899297512659	AA
75	7199	46.40922350326434	2.8979591836734695	1.1302470458328526	6.238059745807289e-05	1.0618251123627467	0.05378989821612655	1.0423285865421754	0.18461232954097667	1.0676111022247747	0.019673620597596336	AA
76	7195	48.39471855455177	2.8979591836734695	1.0950819272964678	0.002251464091373826	1.0746002384182185	0.015497509987151197	0.9922088865017261	0.8138483741017346	1.0403417349652766	0.14550489328731525	AA
77	7188	48.76182526432944	2.8979591836734695	1.0435960793388923	0.15849669037276143	1.0613404782202736	0.04423777102243536	1.0202523467421398	0.5172476281328106	1.0493778904665314	0.07623036739908408	AA
78	7206	51.73466555648071	2.8979591836734695	1.0724148282791657	0.012556329329515645	1.0006033834780013	1.0	0.9849525398381732	0.5965431241446921	1.0239954349676321	0.3545552649366561	AA
79	7193	51.564020575559574	2.8979591836734695	1.0036037619759162	0.906522598474534	1.0285861433021575	0.32169808089453844	0.997954449915926	0.9530684125012494	1.0281997004813856	0.27813823912964974	AA
80	7205	48.2442748091603	2.8979591836734695	1.0855055961706757	0.00631563659583788	1.0852611751017918	0.005623849917046896	1.0150383336470294	0.6377971566136291	1.011028072711462	0.6916067804168023	AA
81	7172	45.66369213608477	2.8979591836734695	1.1521267977943266	4.797900674861234e-06	1.05888725915061	0.06950432761197806	0.9462525933609958	0.09206648906163388	0.9824291914949908	0.5583539685105454	AA
82	7189	50.09041591320072	2.8979591836734695	1.0012128340860784	0.97658708445029	0.9682866417091734	0.28098913013110105	0.9986187845303867	0.9765310708590955	1.013023798545174	0.6340972197686794	AA
83	7202	50.86087198000555	2.8979591836734695	0.9937651302022896	0.8372914601605272	0.9570995962314939	0.1372758672094158	1.014340644586264	0.637875745280889	0.9770156247617013	0.38281556840636377	AA
84	7185	47.68267223382046	2.8979591836734695	1.1478638099914173	3.377799763262002e-06	1.0834697255036239	0.00790315458727912	0.9882764100425288	0.7235982566407728	1.0110623997253383	0.710567694578305	AA
85	7194	48.4292465943842	2.8979591836734695	1.1226958701200378	8.294881467418988e-05	1.087032717556879	0.0046826080634748395	1.0417274052478134	0.17604217385739235	1.0542910642073318	0.05029191277616846	AA
86	7183	49.6449951273841	2.8979591836734695	1.1512422368009998	6.815901144274522e-07	1.105931612854411	0.0004188239763299402	0.9654976435246221	0.2511412219664805	1.0162793528731944	0.5429744346216909	AA
87	7182	48.691172375382905	2.8979591836734695	1.122386527007599	8.273810533191992e-05	1.0366380348556332	0.23197920481048823	1.025621971873794	0.4098575475060502	1.0522524833721858	0.06002155188257696	AA
88	7193	48.116224106770474	2.8979591836734695	1.0769379221941373	0.013625750279099371	0.9785864273702625	0.48412360882503236	0.9406159662245213	0.052040348551915555	0.9967584812908613	0.9157005184828102	AA
89	7196	49.13841022790439	2.8979591836734695	1.0582632605025035	0.05637503324253475	0.9598288852132884	0.18008043764701487	0.9619848612279227	0.20608205687911935	1.014348937765758	0.5969967536425346	AA
90	7206	49.958368026644465	2.8979591836734695	0.9497174344242671	0.08881701126162322	0.9256147255543488	0.010346746590243063	0.9041764420975534	0.00098872918854408	1.0114884922543812	0.6723461894895228	AA
91	7192	49.08231368186875	2.8979591836734695	1.0563427709983586	0.06446257533635705	0.9930860070333868	0.8383561501086609	1.0188458792914572	0.5367220966881909	1.0058367592861475	0.8324504782228173	AA
92	7188	45.43683917640512	2.8979591836734695	1.1071352680468705	0.0011786302740035438	1.0752167442926834	0.020801696416432883	1.0303773607153806	0.35969427073128	1.0548038924249843	0.06299871082194093	AA
93	7187	47.96159732850981	2.8979591836734695	1.1655244516082288	1.9367888689538276e-07	1.080437886720609	0.009424085218364103	1.0132908458160659	0.6801589559672323	1.0144188975410464	0.6149811217973524	AA
94	7184	42.093541202672604	2.8979591836734695	1.155786607970343	1.3916476261820151e-05	1.0676512529641735	0.05146444219973048	0.937846679154694	0.06906759008179922	0.9671066447127141	0.29590936828316117	AA
95	7163	46.90772022895435	2.8979591836734695	1.013743246714506	0.6801582030696762	0.9997162813776257	1.0	0.9782401620719937	0.4973802719021354	1.0179262719481474	0.541399838232359	AA
96	7201	47.854464657686435	2.8979591836734695	1.0124684615051724	0.7026350192784754	1.0277103060517494	0.36617739201434385	1.024011192082443	0.44414361786860146	1.0334659954844954	0.2337244015098117	AA
97	7185	46.98677800974252	2.8979591836734695	1.0158452415670265	0.6172734090461605	1.0190069608959642	0.5592749482545764	1.06879693706108	0.03135171860011689	1.0557957964434763	0.05302816090620713	AA
98	7187	47.711145123139	2.8979591836734695	1.0327775672603259	0.3035448727520925	0.9710887681419664	0.3505549141042791	0.9724807721065203	0.3769380117941089	0.9518856418467295	0.08044798097872162	AA
99	7205	46.00971547536433	2.8979591836734695	1.133841151512323	4.8146131146502074e-05	1.0801448813324728	0.012978916555790285	0.9732981896777329	0.4090377548427697	1.0261187215782213	0.36724822114412337	AA
